<?xml version="1.0" encoding="UTF-8"?>
<!DOCTYPE suite SYSTEM "http://testng.org/testng-1.0.dtd">
<suite name="FREE CRM Application Test Automation Test Suite">

	<listeners>
		<listener class-name="ExtentReport.ExtentReporterNG" />
	</listeners>


	<test name="Free CRM App Test Cases">
		<classes>
		<!--	<class name="com.qa.Testcase.Signinpage_test"></class>-->
		    <class name="com.qa.Testcase.Test_test"></class>
			<!--<class name="com.crm.qa.testcases.ContactsPageTest"></cl&ndash;&gt;ass>-->

		</classes>
	</test>
</suite>